TCP SRC PORT,TCP DST PORT,HDR_LEN,SEQ,WINDOW_SIZE,LABEL
35388,443,20,1,31088,FTP
443,35388,20,1,65535,FTP
443,35388,20,1,65535,FTP
35388,443,20,47,31088,FTP
36466,80,40,0,29200,FTP
80,36466,24,0,65535,FTP
36466,80,20,1,29200,FTP
36466,80,20,1,29200,FTP
80,36466,20,1,65535,FTP
80,36466,20,1,65535,FTP
443,34384,20,1,65535,HTTP
443,34384,20,194,65535,HTTP
34384,443,20,1,63900,HTTP
443,34384,20,232,65535,HTTP
443,35506,20,1,65535,HTTP
443,35506,20,149,65535,HTTP
443,35506,20,187,65535,HTTP
34384,443,20,1,63900,HTTP
35506,443,20,1,65535,HTTP
443,34384,20,278,65535,HTTP
35506,443,20,1,65535,HTTP
443,35506,20,233,65535,HTTP
34384,443,20,47,63900,HTTP
443,34384,20,278,65535,HTTP
443,34384,20,278,65535,HTTP
443,34384,20,476,65535,HTTP
34384,443,20,204,65320,HTTP
443,34384,20,514,65535,HTTP
34384,443,20,204,65320,HTTP
443,34384,20,560,65535,HTTP
56864,443,20,1,42600,HTTP
443,56864,20,1,65535,HTTP
443,56864,20,1,65535,HTTP
443,56864,20,217,65535,HTTP
56864,443,20,156,45440,HTTP
443,56864,20,255,65535,HTTP
56864,443,20,156,45440,HTTP
443,56864,20,301,65535,HTTP
34384,443,20,250,65320,HTTP
443,34384,20,560,65535,HTTP
443,34384,20,560,65535,HTTP
443,34384,20,777,65535,HTTP
443,34384,20,815,65535,HTTP
34384,443,20,446,65320,HTTP
34384,443,20,446,65320,HTTP
443,34384,20,861,65535,HTTP
34384,443,20,492,65320,HTTP
443,34384,20,861,65535,HTTP
443,34384,20,861,65535,HTTP
443,34384,20,1083,65535,HTTP
443,34384,20,1121,65535,HTTP
34384,443,20,672,65320,HTTP
34384,443,20,672,65320,HTTP
443,34384,20,1167,65535,HTTP
56864,443,20,202,45440,HTTP
443,56864,20,301,65535,HTTP
443,56864,20,301,65535,HTTP
443,56864,20,415,65535,HTTP
56864,443,20,379,45440,HTTP
56864,443,20,379,45440,HTTP
443,56864,20,461,65535,HTTP
35506,443,20,47,65535,HTTP
443,35506,20,233,65535,HTTP
443,35506,20,233,65535,HTTP
443,35506,20,522,65535,HTTP
35506,443,20,137,65535,HTTP
443,35506,20,1952,65535,HTTP
35506,443,20,137,65535,HTTP
443,35506,20,4812,65535,HTTP
35506,443,20,137,65535,HTTP
443,35506,20,12982,65535,HTTP
35506,443,20,137,65535,HTTP
443,35506,20,15538,65535,HTTP
35506,443,20,137,65535,HTTP
443,35506,20,16968,65535,HTTP
35506,443,20,137,65535,HTTP
443,35506,20,19828,65535,HTTP
35506,443,20,137,65535,HTTP
443,35506,20,22688,65535,HTTP
35506,443,20,137,65535,HTTP
443,35506,20,24118,65535,HTTP
35506,443,20,137,65535,HTTP
443,35506,20,26978,65535,HTTP
443,35506,20,29838,65535,HTTP
35506,443,20,137,65535,HTTP
443,35506,20,31268,65535,HTTP
443,35506,20,32279,65535,HTTP
35506,443,20,137,65535,HTTP
443,35506,20,37999,65535,HTTP
443,35506,20,45149,65535,HTTP
443,35506,20,48009,65535,HTTP
35506,443,20,137,65535,HTTP
443,35506,20,49020,65535,HTTP
35506,443,20,137,65535,HTTP
443,35506,20,51880,65535,HTTP
35506,443,20,137,65535,HTTP
443,35506,20,56170,65535,HTTP
443,35506,20,57278,65535,HTTP
35506,443,20,137,65535,HTTP
443,35506,20,57433,65535,HTTP
35506,443,20,137,65535,HTTP
443,35506,20,58863,65535,HTTP
35506,443,20,137,65535,HTTP
443,35506,20,60473,65535,HTTP
35506,443,20,137,65535,HTTP
443,35506,20,60557,65535,HTTP
38124,443,20,1,31088,HTTP
443,38124,20,1,65535,HTTP
37534,443,20,1,31088,HTTP
443,37534,20,1,65535,HTTP
443,38124,20,1,65535,HTTP
38124,443,20,88,31088,HTTP
443,38124,20,94,65535,HTTP
443,37534,20,1,65535,HTTP
37534,443,20,140,31088,HTTP
443,37534,20,94,65535,HTTP
35506,443,20,183,65535,HTTP
35506,443,20,410,65535,HTTP
443,35506,20,60557,65535,HTTP
443,35506,20,60557,65535,HTTP
35506,443,20,448,65535,HTTP
443,35506,20,60557,65535,HTTP
443,35506,20,60557,65535,HTTP
443,35506,20,60705,65535,HTTP
35506,443,20,581,65535,HTTP
35506,443,20,581,65535,HTTP
443,35506,20,60789,65535,HTTP
443,35506,20,60789,65535,HTTP
443,35506,20,60886,65535,HTTP
35506,443,20,627,65535,HTTP
35506,443,20,627,65535,HTTP
443,35506,20,60970,65535,HTTP
35506,443,20,673,65535,HTTP
443,35506,20,60970,65535,HTTP
443,35506,20,60970,65535,HTTP
35506,443,20,997,65535,HTTP
443,35506,20,61063,65535,HTTP
35506,443,20,1043,65535,HTTP
443,35506,20,61063,65535,HTTP
443,35506,20,61063,65535,HTTP
443,35506,20,61137,65535,HTTP
35506,443,20,1150,65535,HTTP
35506,443,20,1150,65535,HTTP
443,35506,20,61221,65535,HTTP
35506,443,20,1196,65535,HTTP
35506,443,20,1360,65535,HTTP
443,35506,20,61221,65535,HTTP
443,35506,20,61221,65535,HTTP
443,35506,20,61221,65535,HTTP
443,35506,20,61369,65535,HTTP
35506,443,20,1398,65535,HTTP
35506,443,20,1398,65535,HTTP
443,35506,20,61453,65535,HTTP
35506,443,20,1444,65535,HTTP
443,35506,20,61453,65535,HTTP
55404,443,20,1,31088,HTTP
443,55404,20,1,65535,HTTP
443,55404,20,1,65535,HTTP
55404,443,20,153,31088,HTTP
443,55404,20,94,65535,HTTP
35506,443,20,1622,65535,HTTP
443,35506,20,61453,65535,HTTP
443,35506,20,61453,65535,HTTP
35506,443,20,2008,65535,HTTP
443,35506,20,61546,65535,HTTP
44170,443,20,1,31088,HTTP
443,44170,20,1,65535,HTTP
443,44170,20,1,65535,HTTP
44170,443,20,277,31088,HTTP
443,44170,20,94,65535,HTTP
443,35506,20,61546,65535,HTTP
443,35506,20,61759,65535,HTTP
35506,443,20,2054,65535,HTTP
443,35506,20,62373,65535,HTTP
443,35506,20,62412,65535,HTTP
35506,443,20,2054,65535,HTTP
35506,443,20,2054,65535,HTTP
443,35506,20,62496,65535,HTTP
35506,443,20,2100,65535,HTTP
35506,443,20,2496,65535,HTTP
443,35506,20,62496,65535,HTTP
443,35506,20,62496,65535,HTTP
34384,443,20,718,65320,HTTP
443,34384,20,1167,65535,HTTP
443,34384,20,1167,65535,HTTP
443,34384,20,1360,65535,HTTP
34384,443,20,902,65320,HTTP
34384,443,20,902,65320,HTTP
443,34384,20,1444,65535,HTTP
443,35506,20,62496,65535,HTTP
443,35506,20,62682,65535,HTTP
35506,443,20,2534,65535,HTTP
35506,443,20,2534,65535,HTTP
443,35506,20,62728,65535,HTTP
34384,443,20,948,65320,HTTP
443,34384,20,1444,65535,HTTP
443,34384,20,1444,65535,HTTP
443,34384,20,1642,65535,HTTP
443,34384,20,1680,65535,HTTP
34384,443,20,1105,65320,HTTP
34384,443,20,1105,65320,HTTP
443,34384,20,1726,65535,HTTP
56864,443,20,425,45440,HTTP
443,56864,20,461,65535,HTTP
443,56864,20,461,65535,HTTP
443,56864,20,678,65535,HTTP
56864,443,20,580,48280,HTTP
443,56864,20,716,65535,HTTP
56864,443,20,580,48280,HTTP
443,56864,20,762,65535,HTTP
34384,443,20,1151,65320,HTTP
443,34384,20,1726,65535,HTTP
443,34384,20,1726,65535,HTTP
34384,443,20,1348,65320,HTTP
443,34384,20,1959,65535,HTTP
34384,443,20,1394,65320,HTTP
443,34384,20,1959,65535,HTTP
443,34384,20,1959,65535,HTTP
443,34384,20,2217,65535,HTTP
34384,443,20,1573,65320,HTTP
34384,443,20,1573,65320,HTTP
443,34384,20,2263,65535,HTTP
56864,443,20,626,48280,HTTP
443,56864,20,762,65535,HTTP
443,56864,20,762,65535,HTTP
443,56864,20,838,65535,HTTP
56864,443,20,802,48280,HTTP
443,56864,20,876,65535,HTTP
56864,443,20,802,48280,HTTP
443,56864,20,922,65535,HTTP
35506,443,20,2580,65535,HTTP
443,35506,20,62728,65535,HTTP
443,35506,20,62728,65535,HTTP
443,35506,20,63019,65535,HTTP
35506,443,20,2670,65535,HTTP
443,35506,20,64449,65535,HTTP
443,35506,20,71190,65535,HTTP
443,35506,20,74050,65535,HTTP
35506,443,20,2670,65535,HTTP
443,35506,20,78037,65535,HTTP
35506,443,20,2670,65535,HTTP
443,35506,20,79467,65535,HTTP
35506,443,20,2670,65535,HTTP
443,35506,20,82327,65535,HTTP
35506,443,20,2670,65535,HTTP
443,35506,20,83757,65535,HTTP
35506,443,20,2670,65535,HTTP
443,35506,20,85187,65535,HTTP
35506,443,20,2670,65535,HTTP
443,35506,20,86617,65535,HTTP
35506,443,20,2670,65535,HTTP
443,35506,20,89477,65535,HTTP
35506,443,20,2670,65535,HTTP
443,35506,20,92337,65535,HTTP
35506,443,20,2670,65535,HTTP
443,35506,20,94778,65535,HTTP
35506,443,20,2670,65535,HTTP
443,35506,20,96208,65535,HTTP
35506,443,20,2670,65535,HTTP
443,35506,20,99068,65535,HTTP
35506,443,20,2670,65535,HTTP
443,35506,20,101928,65535,HTTP
35506,443,20,2670,65535,HTTP
443,35506,20,104788,65535,HTTP
35506,443,20,2670,65535,HTTP
443,35506,20,107648,65535,HTTP
35506,443,20,2670,65535,HTTP
443,35506,20,109078,65535,HTTP
35506,443,20,2670,65535,HTTP
443,35506,20,111519,65535,HTTP
35506,443,20,2670,65535,HTTP
443,35506,20,114379,65535,HTTP
35506,443,20,2670,65535,HTTP
443,35506,20,115809,65535,HTTP
35506,443,20,2670,65535,HTTP
443,35506,20,118669,65535,HTTP
443,35506,20,119776,65535,HTTP
35506,443,20,2670,65535,HTTP
443,35506,20,121206,65535,HTTP
35506,443,20,2670,65535,HTTP
443,35506,20,122636,65535,HTTP
35506,443,20,2670,65535,HTTP
443,35506,20,122979,65535,HTTP
38124,443,20,134,31088,HTTP
443,38124,20,94,65535,HTTP
443,38124,20,94,65535,HTTP
38124,443,20,221,31088,HTTP
443,38124,20,187,65535,HTTP
37534,443,20,186,31088,HTTP
443,37534,20,94,65535,HTTP
443,37534,20,94,65535,HTTP
37534,443,20,325,31088,HTTP
443,37534,20,187,65535,HTTP
35506,443,20,2716,65535,HTTP
443,35506,20,122979,65535,HTTP
35506,443,20,2946,65535,HTTP
35506,443,20,3079,65535,HTTP
443,35506,20,122979,65535,HTTP
443,35506,20,122979,65535,HTTP
35506,443,20,3117,65535,HTTP
443,35506,20,122979,65535,HTTP
443,35506,20,122979,65535,HTTP
35506,443,20,3441,65535,HTTP
443,35506,20,123072,65535,HTTP
443,35506,20,123072,65535,HTTP
443,35506,20,123169,65535,HTTP
35506,443,20,3487,65535,HTTP
35506,443,20,3487,65535,HTTP
443,35506,20,123253,65535,HTTP
443,35506,20,123253,65535,HTTP
35506,443,20,3533,65535,HTTP
443,35506,20,123485,65535,HTTP
35506,443,20,3579,65535,HTTP
443,35506,20,123485,65535,HTTP
443,35506,20,123485,65535,HTTP
443,35506,20,123559,65535,HTTP
35506,443,20,3686,65535,HTTP
35506,443,20,3686,65535,HTTP
443,35506,20,123643,65535,HTTP
35506,443,20,3732,65535,HTTP
35506,443,20,3897,65535,HTTP
443,35506,20,123643,65535,HTTP
443,35506,20,123643,65535,HTTP
443,35506,20,123643,65535,HTTP
443,35506,20,123791,65535,HTTP
35506,443,20,3935,65535,HTTP
35506,443,20,3935,65535,HTTP
443,35506,20,123875,65535,HTTP
35506,443,20,3981,65535,HTTP
443,35506,20,123875,65535,HTTP
55404,443,20,199,31088,HTTP
443,55404,20,94,65535,HTTP
443,55404,20,94,65535,HTTP
55404,443,20,351,31088,HTTP
443,55404,20,187,65535,HTTP
35506,443,20,4160,65535,HTTP
443,35506,20,123875,65535,HTTP
443,35506,20,123875,65535,HTTP
35506,443,20,4546,65535,HTTP
443,35506,20,123968,65535,HTTP
44170,443,20,323,31088,HTTP
443,44170,20,94,65535,HTTP
443,44170,20,94,65535,HTTP
44170,443,20,601,31088,HTTP
443,44170,20,187,65535,HTTP
443,35506,20,123968,65535,HTTP
443,35506,20,124179,65535,HTTP
35506,443,20,4592,65535,HTTP
443,35506,20,124793,65535,HTTP
443,35506,20,124832,65535,HTTP
35506,443,20,4592,65535,HTTP
35506,443,20,4592,65535,HTTP
443,35506,20,124916,65535,HTTP
35506,443,20,4638,65535,HTTP
35506,443,20,5035,65535,HTTP
443,35506,20,124916,65535,HTTP
443,35506,20,124916,65535,HTTP
34384,443,20,1619,65320,HTTP
443,34384,20,2263,65535,HTTP
443,34384,20,2263,65535,HTTP
443,34384,20,2454,65535,HTTP
34384,443,20,1802,65320,HTTP
443,34384,20,2492,65535,HTTP
34384,443,20,1802,65320,HTTP
443,34384,20,2538,65535,HTTP
443,35506,20,124916,65535,HTTP
443,35506,20,125064,65535,HTTP
35506,443,20,5073,65535,HTTP
443,35506,20,125102,65535,HTTP
35506,443,20,5073,65535,HTTP
443,35506,20,125148,65535,HTTP
34384,443,20,1848,65320,HTTP
443,34384,20,2538,65535,HTTP
443,34384,20,2538,65535,HTTP
443,34384,20,2737,65535,HTTP
443,34384,20,2775,65535,HTTP
34384,443,20,2003,65320,HTTP
34384,443,20,2003,65320,HTTP
443,34384,20,2821,65535,HTTP
56864,443,20,848,48280,HTTP
443,56864,20,922,65535,HTTP
45436,443,20,1,38340,HTTP
443,45436,20,1,65535,HTTP
443,56864,20,922,65535,HTTP
56864,443,20,1004,51120,HTTP
443,56864,20,1156,65535,HTTP
34384,443,20,2049,65320,HTTP
443,34384,20,2821,65535,HTTP
443,34384,20,2821,65535,HTTP
443,34384,20,3038,65535,HTTP
34384,443,20,2247,65320,HTTP
443,34384,20,3076,65535,HTTP
34384,443,20,2247,65320,HTTP
443,34384,20,3122,65535,HTTP
34384,443,20,2293,65320,HTTP
443,34384,20,3122,65535,HTTP
443,34384,20,3122,65535,HTTP
443,34384,20,3343,65535,HTTP
34384,443,20,2473,65320,HTTP
443,34384,20,3381,65535,HTTP
34384,443,20,2473,65320,HTTP
443,34384,20,3427,65535,HTTP
56864,443,20,1050,51120,HTTP
443,56864,20,1156,65535,HTTP
443,56864,20,1156,65535,HTTP
443,56864,20,1270,65535,HTTP
56864,443,20,1227,51120,HTTP
56864,443,20,1227,51120,HTTP
443,56864,20,1316,65535,HTTP
35506,443,20,5119,65535,HTTP
443,35506,20,125148,65535,HTTP
443,35506,20,125148,65535,HTTP
443,35506,20,125438,65535,HTTP
35506,443,20,5209,65535,HTTP
443,35506,20,129728,65535,HTTP
35506,443,20,5209,65535,HTTP
443,35506,20,132179,65535,HTTP
443,35506,20,135039,65535,HTTP
443,35506,20,136469,65535,HTTP
35506,443,20,5209,65535,HTTP
443,35506,20,140460,65535,HTTP
35506,443,20,5209,65535,HTTP
443,35506,20,143320,65535,HTTP
35506,443,20,5209,65535,HTTP
443,35506,20,147610,65535,HTTP
35506,443,20,5209,65535,HTTP
443,35506,20,150470,65535,HTTP
35506,443,20,5209,65535,HTTP
443,35506,20,154760,65535,HTTP
35506,443,20,5209,65535,HTTP
443,35506,20,157201,65535,HTTP
35506,443,20,5209,65535,HTTP
443,35506,20,158631,65535,HTTP
443,35506,20,162921,65535,HTTP
35506,443,20,5209,65535,HTTP
443,35506,20,164351,65535,HTTP
35506,443,20,5209,65535,HTTP
443,35506,20,171501,65535,HTTP
35506,443,20,5209,65535,HTTP
443,35506,20,175372,65535,HTTP
35506,443,20,5209,65535,HTTP
443,35506,20,182195,65535,HTTP
443,35506,20,182355,65535,HTTP
35506,443,20,5209,65535,HTTP
443,35506,20,185215,65535,HTTP
443,35506,20,185383,65535,HTTP
35506,443,20,5209,65535,HTTP
35506,443,20,5209,65535,HTTP
443,35506,20,185429,65535,HTTP
38124,443,20,267,31088,HTTP
37534,443,20,371,31088,HTTP
443,38124,20,187,65535,HTTP
443,37534,20,187,65535,HTTP
443,38124,20,187,65535,HTTP
38124,443,20,354,31088,HTTP
443,38124,20,280,65535,HTTP
443,37534,20,187,65535,HTTP
37534,443,20,510,31088,HTTP
443,37534,20,280,65535,HTTP
35506,443,20,5255,65535,HTTP
35506,443,20,5484,65535,HTTP
443,35506,20,185429,65535,HTTP
443,35506,20,185429,65535,HTTP
35506,443,20,5522,65535,HTTP
443,35506,20,185429,65535,HTTP
443,35506,20,185429,65535,HTTP
443,35506,20,185577,65535,HTTP
35506,443,20,5655,65535,HTTP
35506,443,20,5655,65535,HTTP
443,35506,20,185661,65535,HTTP
443,35506,20,185661,65535,HTTP
443,35506,20,185758,65535,HTTP
35506,443,20,5701,65535,HTTP
35506,443,20,5701,65535,HTTP
443,35506,20,185842,65535,HTTP
35506,443,20,5747,65535,HTTP
443,35506,20,185842,65535,HTTP
443,35506,20,185842,65535,HTTP
35506,443,20,6071,65535,HTTP
443,35506,20,185935,65535,HTTP
35506,443,20,6117,65535,HTTP
443,35506,20,185935,65535,HTTP
443,35506,20,185935,65535,HTTP
443,35506,20,186009,65535,HTTP
35506,443,20,6224,65535,HTTP
35506,443,20,6224,65535,HTTP
443,35506,20,186093,65535,HTTP
35506,443,20,6270,65535,HTTP
35506,443,20,6435,65535,HTTP
443,35506,20,186093,65535,HTTP
443,35506,20,186093,65535,HTTP
443,35506,20,186093,65535,HTTP
443,35506,20,186241,65535,HTTP
35506,443,20,6473,65535,HTTP
35506,443,20,6473,65535,HTTP
443,35506,20,186325,65535,HTTP
35506,443,20,6519,65535,HTTP
443,35506,20,186325,65535,HTTP
55404,443,20,397,31088,HTTP
443,55404,20,187,65535,HTTP
443,55404,20,187,65535,HTTP
55404,443,20,549,31088,HTTP
443,55404,20,280,65535,HTTP
35506,443,20,6698,65535,HTTP
443,35506,20,186325,65535,HTTP
443,35506,20,186325,65535,HTTP
35506,443,20,7084,65535,HTTP
443,35506,20,186418,65535,HTTP
44170,443,20,647,31088,HTTP
443,44170,20,187,65535,HTTP
443,44170,20,187,65535,HTTP
44170,443,20,924,31088,HTTP
443,44170,20,280,65535,HTTP
443,35506,20,186418,65535,HTTP
443,35506,20,186630,65535,HTTP
35506,443,20,7130,65535,HTTP
443,35506,20,187244,65535,HTTP
443,35506,20,187283,65535,HTTP
35506,443,20,7130,65535,HTTP
35506,443,20,7130,65535,HTTP
443,35506,20,187367,65535,HTTP
35506,443,20,7176,65535,HTTP
35506,443,20,7573,65535,HTTP
443,35506,20,187367,65535,HTTP
443,35506,20,187367,65535,HTTP
34384,443,20,2519,65320,HTTP
443,34384,20,3427,65535,HTTP
443,34384,20,3427,65535,HTTP
443,34384,20,3659,65535,HTTP
34384,443,20,2703,65320,HTTP
34384,443,20,2703,65320,HTTP
443,34384,20,3705,65535,HTTP
443,35506,20,187367,65535,HTTP
443,35506,20,187515,65535,HTTP
35506,443,20,7611,65535,HTTP
443,35506,20,187553,65535,HTTP
35506,443,20,7611,65535,HTTP
443,35506,20,187599,65535,HTTP
34384,443,20,2749,65320,HTTP
443,34384,20,3705,65535,HTTP
443,34384,20,3705,65535,HTTP
443,34384,20,3904,65535,HTTP
34384,443,20,2907,65320,HTTP
34384,443,20,2907,65320,HTTP
443,34384,20,3988,65535,HTTP
56864,443,20,1273,51120,HTTP
443,56864,20,1316,65535,HTTP
443,56864,20,1316,65535,HTTP
443,56864,20,1532,65535,HTTP
56864,443,20,1428,53960,HTTP
56864,443,20,1428,53960,HTTP
443,56864,20,1616,65535,HTTP
34384,443,20,2953,65320,HTTP
443,34384,20,3988,65535,HTTP
443,34384,20,3988,65535,HTTP
443,34384,20,4207,65535,HTTP
34384,443,20,3150,65320,HTTP
34384,443,20,3150,65320,HTTP
443,34384,20,4291,65535,HTTP
34384,443,20,3196,65320,HTTP
443,34384,20,4291,65535,HTTP
443,34384,20,4291,65535,HTTP
443,34384,20,4512,65535,HTTP
34384,443,20,3379,65320,HTTP
443,34384,20,4550,65535,HTTP
34384,443,20,3379,65320,HTTP
443,34384,20,4596,65535,HTTP
56864,443,20,1474,53960,HTTP
443,56864,20,1616,65535,HTTP
443,56864,20,1616,65535,HTTP
443,56864,20,1692,65535,HTTP
443,56864,20,1730,65535,HTTP
56864,443,20,1650,53960,HTTP
56864,443,20,1650,53960,HTTP
443,56864,20,1776,65535,HTTP
35506,443,20,7657,65535,HTTP
443,35506,20,187599,65535,HTTP
443,35506,20,187599,65535,HTTP
35506,443,20,7747,65535,HTTP
443,35506,20,194625,65535,HTTP
35506,443,20,7747,65535,HTTP
443,35506,20,196055,65535,HTTP
35506,443,20,7747,65535,HTTP
443,35506,20,198915,65535,HTTP
35506,443,20,7747,65535,HTTP
443,35506,20,201775,65535,HTTP
443,35506,20,202905,65535,HTTP
35506,443,20,7747,65535,HTTP
443,35506,20,244641,65535,HTTP
35506,443,20,7747,65535,HTTP
443,35506,20,246303,65535,HTTP
35506,443,20,7747,65535,HTTP
35506,443,20,7747,65535,HTTP
443,35506,20,247877,65535,HTTP
38124,443,20,400,31088,HTTP
443,38124,20,280,65535,HTTP
443,38124,20,280,65535,HTTP
38124,443,20,487,31088,HTTP
443,38124,20,373,65535,HTTP
37534,443,20,556,31088,HTTP
443,37534,20,280,65535,HTTP
443,37534,20,280,65535,HTTP
37534,443,20,695,31088,HTTP
443,37534,20,373,65535,HTTP
35506,443,20,7793,65535,HTTP
35506,443,20,8023,65535,HTTP
443,35506,20,247877,65535,HTTP
443,35506,20,247877,65535,HTTP
35506,443,20,8061,65535,HTTP
443,35506,20,247877,65535,HTTP
443,35506,20,247877,65535,HTTP
443,35506,20,248025,65535,HTTP
35506,443,20,8194,65535,HTTP
35506,443,20,8194,65535,HTTP
35506,443,20,8518,65535,HTTP
443,35506,20,248109,65535,HTTP
443,35506,20,248109,65535,HTTP
443,35506,20,248109,65535,HTTP
35506,443,20,8564,65535,HTTP
443,35506,20,248202,65535,HTTP
443,35506,20,248202,65535,HTTP
443,35506,20,248299,65535,HTTP
35506,443,20,8610,65535,HTTP
35506,443,20,8610,65535,HTTP
443,35506,20,248383,65535,HTTP
35506,443,20,8656,65535,HTTP
443,35506,20,248383,65535,HTTP
443,35506,20,248383,65535,HTTP
443,35506,20,248495,65535,HTTP
35506,443,20,8763,65535,HTTP
35506,443,20,8763,65535,HTTP
443,35506,20,248541,65535,HTTP
35506,443,20,8809,65535,HTTP
443,35506,20,248541,65535,HTTP
35506,443,20,8973,65535,HTTP
443,35506,20,248541,65535,HTTP
443,35506,20,248541,65535,HTTP
443,35506,20,248689,65535,HTTP
35506,443,20,9011,65535,HTTP
35506,443,20,9011,65535,HTTP
443,35506,20,248773,65535,HTTP
35506,443,20,9057,65535,HTTP
443,35506,20,248773,65535,HTTP
55404,443,20,595,31088,HTTP
443,55404,20,280,65535,HTTP
443,55404,20,280,65535,HTTP
55404,443,20,747,31088,HTTP
443,55404,20,373,65535,HTTP
35506,443,20,9235,65535,HTTP
443,35506,20,248773,65535,HTTP
443,35506,20,248773,65535,HTTP
35506,443,20,9621,65535,HTTP
443,35506,20,248866,65535,HTTP
44170,443,20,970,31088,HTTP
443,44170,20,280,65535,HTTP
443,44170,20,280,65535,HTTP
44170,443,20,1249,31088,HTTP
443,44170,20,373,65535,HTTP
443,35506,20,248866,65535,HTTP
443,35506,20,249079,65535,HTTP
443,35506,20,249693,65535,HTTP
443,35506,20,249732,65535,HTTP
443,35506,20,249770,65535,HTTP
35506,443,20,9667,65535,HTTP
35506,443,20,9667,65535,HTTP
443,35506,20,249816,65535,HTTP
35506,443,20,9713,65535,HTTP
443,35506,20,249816,65535,HTTP
34384,443,20,3425,65320,HTTP
35506,443,20,10109,65535,HTTP
443,34384,20,4596,65535,HTTP
443,35506,20,249816,65535,HTTP
443,34384,20,4596,65535,HTTP
443,34384,20,4788,65535,HTTP
443,34384,20,4826,65535,HTTP
443,35506,20,249816,65535,HTTP
443,35506,20,250002,65535,HTTP
34384,443,20,3609,65320,HTTP
34384,443,20,3609,65320,HTTP
35506,443,20,10147,65535,HTTP
443,34384,20,4872,65535,HTTP
35506,443,20,10147,65535,HTTP
443,35506,20,250048,65535,HTTP
34384,443,20,3655,65320,HTTP
443,34384,20,4872,65535,HTTP
443,34384,20,4872,65535,HTTP
443,34384,20,5109,65535,HTTP
34384,443,20,3811,65320,HTTP
34384,443,20,3811,65320,HTTP
443,34384,20,5155,65535,HTTP
56864,443,20,1696,53960,HTTP
443,56864,20,1776,65535,HTTP
443,56864,20,1776,65535,HTTP
443,56864,20,1993,65535,HTTP
56864,443,20,1851,56800,HTTP
443,56864,20,2031,65535,HTTP
56864,443,20,1851,56800,HTTP
443,56864,20,2077,65535,HTTP
34384,443,20,3857,65320,HTTP
443,34384,20,5155,65535,HTTP
443,34384,20,5155,65535,HTTP
443,34384,20,5372,65535,HTTP
34384,443,20,4054,65320,HTTP
443,34384,20,5410,65535,HTTP
34384,443,20,4054,65320,HTTP
443,34384,20,5456,65535,HTTP
34384,443,20,4100,65320,HTTP
443,34384,20,5456,65535,HTTP
443,34384,20,5456,65535,HTTP
443,34384,20,5677,65535,HTTP
34384,443,20,4280,65320,HTTP
443,34384,20,5715,65535,HTTP
34384,443,20,4280,65320,HTTP
443,34384,20,5761,65535,HTTP
56864,443,20,1897,56800,HTTP
443,56864,20,2077,65535,HTTP
443,56864,20,2077,65535,HTTP
443,56864,20,2153,65535,HTTP
56864,443,20,2073,56800,HTTP
443,56864,20,2191,65535,HTTP
56864,443,20,2073,56800,HTTP
443,56864,20,2237,65535,HTTP
35506,443,20,10193,65535,HTTP
443,35506,20,250048,65535,HTTP
443,35506,20,250048,65535,HTTP
35506,443,20,10283,65535,HTTP
443,35506,20,251768,65535,HTTP
35506,443,20,10283,65535,HTTP
443,35506,20,257079,65535,HTTP
35506,443,20,10283,65535,HTTP
443,35506,20,259939,65535,HTTP
35506,443,20,10283,65535,HTTP
443,35506,20,273720,65535,HTTP
35506,443,20,10283,65535,HTTP
443,35506,20,275150,65535,HTTP
35506,443,20,10283,65535,HTTP
443,35506,20,280870,65535,HTTP
35506,443,20,10283,65535,HTTP
443,35506,20,282300,65535,HTTP
35506,443,20,10283,65535,HTTP
443,35506,20,283730,65535,HTTP
443,35506,20,285160,65535,HTTP
35506,443,20,10283,65535,HTTP
443,35506,20,286590,65535,HTTP
35506,443,20,10283,65535,HTTP
443,35506,20,289450,65535,HTTP
443,35506,20,290461,65535,HTTP
35506,443,20,10283,65535,HTTP
443,35506,20,291891,65535,HTTP
35506,443,20,10283,65535,HTTP
443,35506,20,293321,65535,HTTP
35506,443,20,10283,65535,HTTP
443,35506,20,294751,65535,HTTP
35506,443,20,10283,65535,HTTP
443,35506,20,297611,65535,HTTP
35506,443,20,10283,65535,HTTP
443,35506,20,299041,65535,HTTP
35506,443,20,10283,65535,HTTP
443,35506,20,301901,65535,HTTP
35506,443,20,10283,65535,HTTP
443,35506,20,307090,65535,HTTP
443,35506,20,307240,65535,HTTP
35506,443,20,10283,65535,HTTP
443,35506,20,308670,65535,HTTP
35506,443,20,10283,65535,HTTP
443,35506,20,310239,65535,HTTP
35506,443,20,10283,65535,HTTP
443,35506,20,310323,65535,HTTP
38124,443,20,533,31088,HTTP
443,38124,20,373,65535,HTTP
37534,443,20,741,31088,HTTP
443,37534,20,373,65535,HTTP
443,38124,20,373,65535,HTTP
38124,443,20,620,31088,HTTP
443,38124,20,466,65535,HTTP
443,37534,20,373,65535,HTTP
37534,443,20,880,31088,HTTP
443,37534,20,466,65535,HTTP
35506,443,20,10329,65535,HTTP
35506,443,20,10558,65535,HTTP
443,35506,20,310323,65535,HTTP
443,35506,20,310323,65535,HTTP
35506,443,20,10596,65535,HTTP
443,35506,20,310323,65535,HTTP
35506,443,20,10800,65535,HTTP
443,35506,20,310323,65535,HTTP
443,35506,20,310323,65535,HTTP
35506,443,20,11124,65535,HTTP
443,35506,20,310416,65535,HTTP
443,35506,20,310416,65535,HTTP
443,35506,20,310551,65535,HTTP
35506,443,20,11170,65535,HTTP
35506,443,20,11170,65535,HTTP
443,35506,20,310597,65535,HTTP
443,35506,20,310597,65535,HTTP
443,35506,20,310745,65535,HTTP
35506,443,20,11216,65535,HTTP
35506,443,20,11216,65535,HTTP
443,35506,20,310783,65535,HTTP
443,35506,20,310783,65535,HTTP
443,35506,20,310899,65535,HTTP
35506,443,20,11323,65535,HTTP
35506,443,20,11323,65535,HTTP
443,35506,20,310983,65535,HTTP
35506,443,20,11369,65535,HTTP
35506,443,20,11980,65535,HTTP
443,35506,20,310983,65535,HTTP
443,35506,20,310983,65535,HTTP
443,35506,20,310983,65535,HTTP
443,35506,20,311131,65535,HTTP
35506,443,20,12018,65535,HTTP
35506,443,20,12018,65535,HTTP
443,35506,20,311215,65535,HTTP
35506,443,20,12064,65535,HTTP
443,35506,20,311215,65535,HTTP
55404,443,20,793,31088,HTTP
443,55404,20,373,65535,HTTP
443,55404,20,373,65535,HTTP
55404,443,20,945,31088,HTTP
443,55404,20,466,65535,HTTP
35506,443,20,12243,65535,HTTP
443,35506,20,311215,65535,HTTP
443,35506,20,311215,65535,HTTP
35506,443,20,12629,65535,HTTP
443,35506,20,311308,65535,HTTP
44170,443,20,1295,31088,HTTP
443,44170,20,373,65535,HTTP
443,44170,20,373,65535,HTTP
44170,443,20,1572,31088,HTTP
443,44170,20,466,65535,HTTP
443,35506,20,311308,65535,HTTP
443,35506,20,311520,65535,HTTP
443,35506,20,312173,65535,HTTP
35506,443,20,12675,65535,HTTP
35506,443,20,12675,65535,HTTP
443,35506,20,312257,65535,HTTP
35506,443,20,12721,65535,HTTP
35506,443,20,13117,65535,HTTP
443,35506,20,312257,65535,HTTP
443,35506,20,312257,65535,HTTP
34384,443,20,4326,65320,HTTP
443,34384,20,5761,65535,HTTP
443,34384,20,5761,65535,HTTP
443,34384,20,5954,65535,HTTP
34384,443,20,4509,65320,HTTP
443,34384,20,5992,65535,HTTP
34384,443,20,4509,65320,HTTP
443,34384,20,6038,65535,HTTP
443,35506,20,312257,65535,HTTP
443,35506,20,312405,65535,HTTP
35506,443,20,13155,65535,HTTP
35506,443,20,13155,65535,HTTP
443,35506,20,312489,65535,HTTP
34384,443,20,4555,65320,HTTP
443,34384,20,6038,65535,HTTP
443,34384,20,6038,65535,HTTP
443,34384,20,6238,65535,HTTP
34384,443,20,4713,65320,HTTP
34384,443,20,4713,65320,HTTP
443,34384,20,6322,65535,HTTP
56864,443,20,2119,56800,HTTP
443,56864,20,2237,65535,HTTP
443,56864,20,2237,65535,HTTP
443,56864,20,2453,65535,HTTP
56864,443,20,2275,59640,HTTP
34384,443,20,4759,65320,HTTP
443,56864,20,2491,65535,HTTP
56864,443,20,2275,59640,HTTP
443,34384,20,6322,65535,HTTP
443,56864,20,2537,65535,HTTP
443,34384,20,6322,65535,HTTP
443,34384,20,6540,65535,HTTP
34384,443,20,4955,65320,HTTP
443,34384,20,6578,65535,HTTP
34384,443,20,4955,65320,HTTP
443,34384,20,6624,65535,HTTP
34384,443,20,5001,65320,HTTP
443,34384,20,6624,65535,HTTP
443,34384,20,6624,65535,HTTP
443,34384,20,6845,65535,HTTP
34384,443,20,5182,65320,HTTP
34384,443,20,5182,65320,HTTP
443,34384,20,6929,65535,HTTP
56864,443,20,2321,59640,HTTP
443,56864,20,2537,65535,HTTP
443,56864,20,2537,65535,HTTP
443,56864,20,2651,65535,HTTP
56864,443,20,2497,59640,HTTP
56864,443,20,2497,59640,HTTP
443,56864,20,2697,65535,HTTP
35506,443,20,13201,65535,HTTP
443,35506,20,312489,65535,HTTP
443,35506,20,312489,65535,HTTP
443,35506,20,312779,65535,HTTP
35506,443,20,13291,65535,HTTP
443,35506,20,314209,65535,HTTP
35506,443,20,13291,65535,HTTP
443,35506,20,317069,65535,HTTP
35506,443,20,13291,65535,HTTP
443,35506,20,318499,65535,HTTP
443,35506,20,319521,65535,HTTP
35506,443,20,13291,65535,HTTP
443,35506,20,320951,65535,HTTP
35506,443,20,13291,65535,HTTP
443,35506,20,323811,65535,HTTP
35506,443,20,13291,65535,HTTP
443,35506,20,325241,65535,HTTP
35506,443,20,13291,65535,HTTP
443,35506,20,326671,65535,HTTP
443,35506,20,327799,65535,HTTP
35506,443,20,13291,65535,HTTP
443,35506,20,329229,65535,HTTP
35506,443,20,13291,65535,HTTP
443,35506,20,344540,65535,HTTP
35506,443,20,13291,65535,HTTP
443,35506,20,347400,65535,HTTP
35506,443,20,13291,65535,HTTP
443,35506,20,348830,65535,HTTP
35506,443,20,13291,65535,HTTP
443,35506,20,351690,65535,HTTP
35506,443,20,13291,65535,HTTP
443,35506,20,354550,65535,HTTP
35506,443,20,13291,65535,HTTP
443,35506,20,357410,65535,HTTP
35506,443,20,13291,65535,HTTP
443,35506,20,361281,65535,HTTP
35506,443,20,13291,65535,HTTP
443,35506,20,369537,65535,HTTP
443,35506,20,369694,65535,HTTP
35506,443,20,13291,65535,HTTP
443,35506,20,371124,65535,HTTP
35506,443,20,13291,65535,HTTP
443,35506,20,372690,65535,HTTP
35506,443,20,13291,65535,HTTP
443,35506,20,372774,65535,HTTP
38124,443,20,666,31088,HTTP
443,38124,20,466,65535,HTTP
37534,443,20,926,31088,HTTP
443,37534,20,466,65535,HTTP
443,38124,20,466,65535,HTTP
38124,443,20,753,31088,HTTP
443,38124,20,559,65535,HTTP
443,37534,20,466,65535,HTTP
37534,443,20,1065,31088,HTTP
443,37534,20,559,65535,HTTP
35506,443,20,13337,65535,HTTP
35506,443,20,13622,65535,HTTP
443,35506,20,372774,65535,HTTP
443,35506,20,372774,65535,HTTP
35506,443,20,13660,65535,HTTP
443,35506,20,372774,65535,HTTP
443,35506,20,372774,65535,HTTP
443,35506,20,372922,65535,HTTP
35506,443,20,13801,65535,HTTP
35506,443,20,13801,65535,HTTP
443,35506,20,373006,65535,HTTP
443,35506,20,373006,65535,HTTP
443,35506,20,373103,65535,HTTP
35506,443,20,13847,65535,HTTP
35506,443,20,13847,65535,HTTP
443,35506,20,373187,65535,HTTP
35506,443,20,13893,65535,HTTP
443,35506,20,373187,65535,HTTP
443,35506,20,373187,65535,HTTP
35506,443,20,14235,65535,HTTP
443,35506,20,373280,65535,HTTP
35506,443,20,14281,65535,HTTP
443,35506,20,373280,65535,HTTP
443,35506,20,373280,65535,HTTP
443,35506,20,373354,65535,HTTP
35506,443,20,14388,65535,HTTP
35506,443,20,14388,65535,HTTP
443,35506,20,373438,65535,HTTP
35506,443,20,14434,65535,HTTP
35506,443,20,14600,65535,HTTP
443,35506,20,373438,65535,HTTP
443,35506,20,373438,65535,HTTP
35506,443,20,14638,65535,HTTP
443,35506,20,373438,65535,HTTP
443,35506,20,373438,65535,HTTP
443,35506,20,373586,65535,HTTP
35506,443,20,14816,65535,HTTP
35506,443,20,14816,65535,HTTP
443,35506,20,373670,65535,HTTP
55404,443,20,991,31088,HTTP
443,55404,20,466,65535,HTTP
443,55404,20,466,65535,HTTP
55404,443,20,1143,31088,HTTP
443,55404,20,559,65535,HTTP
35506,443,20,14862,65535,HTTP
443,35506,20,373670,65535,HTTP
443,35506,20,373670,65535,HTTP
35506,443,20,15248,65535,HTTP
443,35506,20,373763,65535,HTTP
44170,443,20,1618,31088,HTTP
443,44170,20,466,65535,HTTP
443,44170,20,466,65535,HTTP
44170,443,20,1895,31088,HTTP
443,44170,20,559,65535,HTTP
443,35506,20,373763,65535,HTTP
443,35506,20,373976,65535,HTTP
443,35506,20,374667,65535,HTTP
35506,443,20,15294,65535,HTTP
35506,443,20,15294,65535,HTTP
443,35506,20,374713,65535,HTTP
35506,443,20,15340,65535,HTTP
47630,21,40,0,29200,FTP
55010,21,40,0,29200,FTP
33382,21,40,0,29200,FTP
47630,21,40,0,29200,FTP
33382,21,40,0,29200,FTP
39936,21,40,0,29200,FTP
39936,21,40,0,29200,FTP
33382,21,40,0,29200,FTP
47630,21,40,0,29200,FTP
55010,21,40,0,29200,FTP
33382,21,40,0,29200,FTP
47630,21,40,0,29200,FTP
33382,21,40,0,29200,FTP
39936,21,40,0,29200,FTP
39936,21,40,0,29200,FTP
33382,21,40,0,29200,FTP
47630,21,40,0,29200,FTP
55010,21,40,0,29200,FTP
33382,21,40,0,29200,FTP
47630,21,40,0,29200,FTP
33382,21,40,0,29200,FTP
39936,21,40,0,29200,FTP
39936,21,40,0,29200,FTP
33382,21,40,0,29200,FTP
47630,21,40,0,29200,FTP
55010,21,40,0,29200,FTP
33382,21,40,0,29200,FTP
47630,21,40,0,29200,FTP
33382,21,40,0,29200,FTP
39936,21,40,0,29200,FTP
39936,21,40,0,29200,FTP
33382,21,40,0,29200,FTP
47630,21,40,0,29200,FTP
55010,21,40,0,29200,FTP
33382,21,40,0,29200,FTP
47630,21,40,0,29200,FTP
33382,21,40,0,29200,FTP
39936,21,40,0,29200,FTP
39936,21,40,0,29200,FTP
33382,21,40,0,29200,FTP
47686,21,40,0,29200,FTP
33438,21,40,0,29200,FTP
33414,21,40,0,29200,FTP
33438,21,40,0,29200,FTP
51188,21,40,0,29200,FTP
33438,21,40,0,29200,FTP
51188,21,40,0,29200,FTP
38450,21,40,0,29200,FTP
47686,21,40,0,29200,FTP
38450,21,40,0,29200,FTP
51188,21,40,0,29200,FTP
38450,21,40,0,29200,FTP
51192,21,40,0,29200,FTP
33438,21,40,0,29200,FTP
51192,21,40,0,29200,FTP
51188,21,40,0,29200,FTP
38454,21,40,0,29200,FTP
51192,21,40,0,29200,FTP
38450,21,40,0,29200,FTP
38454,21,40,0,29200,FTP
47718,21,40,0,29200,FTP
38454,21,40,0,29200,FTP
47718,21,40,0,29200,FTP
51192,21,40,0,29200,FTP
47718,21,40,0,29200,FTP
38454,21,40,0,29200,FTP
33450,21,40,0,29200,FTP
38450,21,40,0,29200,FTP
47718,21,40,0,29200,FTP
33450,21,40,0,29200,FTP
33450,21,40,0,29200,FTP
51192,21,40,0,29200,FTP
38454,21,40,0,29200,FTP
33450,21,40,0,29200,FTP
47718,21,40,0,29200,FTP
38460,21,40,0,29200,FTP
38460,21,40,0,29200,FTP
38460,21,40,0,29200,FTP
38450,21,40,0,29200,FTP
38460,21,40,0,29200,FTP
51192,21,40,0,29200,FTP
38454,21,40,0,29200,FTP
33454,21,40,0,29200,FTP
47718,21,40,0,29200,FTP
38460,21,40,0,29200,FTP
33454,21,40,0,29200,FTP
33454,21,40,0,29200,FTP
33454,21,40,0,29200,FTP
38464,21,40,0,29200,FTP
38464,21,40,0,29200,FTP
38464,21,40,0,29200,FTP
38460,21,40,0,29200,FTP
38464,21,40,0,29200,FTP
38464,21,40,0,29200,FTP
38450,21,40,0,29200,FTP
51192,21,40,0,29200,FTP
33458,21,40,0,29200,FTP
33458,21,40,0,29200,FTP
51208,21,40,0,29200,FTP
33458,21,40,0,29200,FTP
38454,21,40,0,29200,FTP
51208,21,40,0,29200,FTP
47718,21,40,0,29200,FTP
51208,21,40,0,29200,FTP
33462,21,40,0,29200,FTP
33458,21,40,0,29200,FTP
33462,21,40,0,29200,FTP
51208,21,40,0,29200,FTP
33462,21,40,0,29200,FTP
38472,21,40,0,29200,FTP
38472,21,40,0,29200,FTP
47736,21,40,0,29200,FTP
38472,21,40,0,29200,FTP
38464,21,40,0,29200,FTP
47736,21,40,0,29200,FTP
33462,21,40,0,29200,FTP
47736,21,40,0,29200,FTP
38476,21,40,0,29200,FTP
38472,21,40,0,29200,FTP
38476,21,40,0,29200,FTP
47736,21,40,0,29200,FTP
38476,21,40,0,29200,FTP
38460,21,40,0,29200,FTP
38476,21,40,0,29200,FTP
38472,21,40,0,29200,FTP
47736,21,40,0,29200,FTP
38476,21,40,0,29200,FTP
38472,21,40,0,29200,FTP
47736,21,40,0,29200,FTP
38464,21,40,0,29200,FTP
38476,21,40,0,29200,FTP
47686,21,40,0,29200,FTP
33438,21,40,0,29200,FTP
33414,21,40,0,29200,FTP
33438,21,40,0,29200,FTP
51188,21,40,0,29200,FTP
33438,21,40,0,29200,FTP
51188,21,40,0,29200,FTP
38450,21,40,0,29200,FTP
47686,21,40,0,29200,FTP
38450,21,40,0,29200,FTP
51188,21,40,0,29200,FTP
38450,21,40,0,29200,FTP
51192,21,40,0,29200,FTP
33438,21,40,0,29200,FTP
51192,21,40,0,29200,FTP
51188,21,40,0,29200,FTP
38454,21,40,0,29200,FTP
51192,21,40,0,29200,FTP
38450,21,40,0,29200,FTP
38454,21,40,0,29200,FTP
47718,21,40,0,29200,FTP
38454,21,40,0,29200,FTP
47718,21,40,0,29200,FTP
51192,21,40,0,29200,FTP
47718,21,40,0,29200,FTP
38454,21,40,0,29200,FTP
33450,21,40,0,29200,FTP
38450,21,40,0,29200,FTP
47718,21,40,0,29200,FTP
33450,21,40,0,29200,FTP
33450,21,40,0,29200,FTP
51192,21,40,0,29200,FTP
38454,21,40,0,29200,FTP
33450,21,40,0,29200,FTP
47718,21,40,0,29200,FTP
38460,21,40,0,29200,FTP
38460,21,40,0,29200,FTP
38460,21,40,0,29200,FTP
38450,21,40,0,29200,FTP
38460,21,40,0,29200,FTP
51192,21,40,0,29200,FTP
38454,21,40,0,29200,FTP
33454,21,40,0,29200,FTP
47718,21,40,0,29200,FTP
38460,21,40,0,29200,FTP
33454,21,40,0,29200,FTP
33454,21,40,0,29200,FTP
33454,21,40,0,29200,FTP
38464,21,40,0,29200,FTP
38464,21,40,0,29200,FTP
38464,21,40,0,29200,FTP
38460,21,40,0,29200,FTP
38464,21,40,0,29200,FTP
38464,21,40,0,29200,FTP
38450,21,40,0,29200,FTP
51192,21,40,0,29200,FTP
33458,21,40,0,29200,FTP
33458,21,40,0,29200,FTP
51208,21,40,0,29200,FTP
33458,21,40,0,29200,FTP
38454,21,40,0,29200,FTP
51208,21,40,0,29200,FTP
47718,21,40,0,29200,FTP
51208,21,40,0,29200,FTP
33462,21,40,0,29200,FTP
33458,21,40,0,29200,FTP
33462,21,40,0,29200,FTP
51208,21,40,0,29200,FTP
33462,21,40,0,29200,FTP
38472,21,40,0,29200,FTP
38472,21,40,0,29200,FTP
47736,21,40,0,29200,FTP
38472,21,40,0,29200,FTP
38464,21,40,0,29200,FTP
47736,21,40,0,29200,FTP
33462,21,40,0,29200,FTP
47736,21,40,0,29200,FTP
38476,21,40,0,29200,FTP
38472,21,40,0,29200,FTP
38476,21,40,0,29200,FTP
47736,21,40,0,29200,FTP
38476,21,40,0,29200,FTP
38460,21,40,0,29200,FTP
38476,21,40,0,29200,FTP
38472,21,40,0,29200,FTP
47736,21,40,0,29200,FTP
38476,21,40,0,29200,FTP
38472,21,40,0,29200,FTP
47736,21,40,0,29200,FTP
38464,21,40,0,29200,FTP
38476,21,40,0,29200,FTP
47686,21,40,0,29200,FTP
33438,21,40,0,29200,FTP
33414,21,40,0,29200,FTP
33438,21,40,0,29200,FTP
51188,21,40,0,29200,FTP
33438,21,40,0,29200,FTP
51188,21,40,0,29200,FTP
38450,21,40,0,29200,FTP
47686,21,40,0,29200,FTP
38450,21,40,0,29200,FTP
51188,21,40,0,29200,FTP
38450,21,40,0,29200,FTP
51192,21,40,0,29200,FTP
33438,21,40,0,29200,FTP
51192,21,40,0,29200,FTP
51188,21,40,0,29200,FTP
38454,21,40,0,29200,FTP
51192,21,40,0,29200,FTP
38450,21,40,0,29200,FTP
38454,21,40,0,29200,FTP
47718,21,40,0,29200,FTP
38454,21,40,0,29200,FTP
47718,21,40,0,29200,FTP
51192,21,40,0,29200,FTP
47718,21,40,0,29200,FTP
38454,21,40,0,29200,FTP
33450,21,40,0,29200,FTP
38450,21,40,0,29200,FTP
47718,21,40,0,29200,FTP
33450,21,40,0,29200,FTP
33450,21,40,0,29200,FTP
51192,21,40,0,29200,FTP
38454,21,40,0,29200,FTP
33450,21,40,0,29200,FTP
47718,21,40,0,29200,FTP
38460,21,40,0,29200,FTP
38460,21,40,0,29200,FTP
38460,21,40,0,29200,FTP
38450,21,40,0,29200,FTP
38460,21,40,0,29200,FTP
51192,21,40,0,29200,FTP
38454,21,40,0,29200,FTP
33454,21,40,0,29200,FTP
47718,21,40,0,29200,FTP
38460,21,40,0,29200,FTP
33454,21,40,0,29200,FTP
33454,21,40,0,29200,FTP
33454,21,40,0,29200,FTP
38464,21,40,0,29200,FTP
38464,21,40,0,29200,FTP
38464,21,40,0,29200,FTP
38460,21,40,0,29200,FTP
38464,21,40,0,29200,FTP
38464,21,40,0,29200,FTP
38450,21,40,0,29200,FTP
51192,21,40,0,29200,FTP
33458,21,40,0,29200,FTP
33458,21,40,0,29200,FTP
51208,21,40,0,29200,FTP
33458,21,40,0,29200,FTP
38454,21,40,0,29200,FTP
51208,21,40,0,29200,FTP
47718,21,40,0,29200,FTP
51208,21,40,0,29200,FTP
33462,21,40,0,29200,FTP
33458,21,40,0,29200,FTP
33462,21,40,0,29200,FTP
51208,21,40,0,29200,FTP
33462,21,40,0,29200,FTP
38472,21,40,0,29200,FTP
38472,21,40,0,29200,FTP
47736,21,40,0,29200,FTP
38472,21,40,0,29200,FTP
38464,21,40,0,29200,FTP
47736,21,40,0,29200,FTP
33462,21,40,0,29200,FTP
47736,21,40,0,29200,FTP
38476,21,40,0,29200,FTP
38472,21,40,0,29200,FTP
38476,21,40,0,29200,FTP
47736,21,40,0,29200,FTP
38476,21,40,0,29200,FTP
38460,21,40,0,29200,FTP
38476,21,40,0,29200,FTP
38472,21,40,0,29200,FTP
47736,21,40,0,29200,FTP
38476,21,40,0,29200,FTP
38472,21,40,0,29200,FTP
47736,21,40,0,29200,FTP
38464,21,40,0,29200,FTP
38476,21,40,0,29200,FTP
